"Model,MAE,RMSE,R2"
"Linear Regression,27103.472302921426,30123.858274729664,0.9868005010593569"
"Random Forest,34500.31449999999,43306.13400360704,0.9727205829780269"
